费用编号,费用科目,季度发生额,归属性质
C01,设备折旧费,2400000,与设备使用相关
C02,电费,900000,与机器运行相关
C03,设备维修保养费,480000,与设备使用相关
C04,工装模具折旧,360000,与批次相关
C05,车间管理人员工资,1260000,设施级
C06,间接生产人员工资,840000,多种作业
C07,质检部门费用,720000,与检验相关
C08,物料搬运费用,360000,与搬运相关
C09,车间办公及低耗,180000,设施级
C10,水费蒸汽费,240000,与生产相关
C11,其他制造费用,160000,设施级
合计,,7900000,
