产品编码,产品名称,物料编码,物料名称,规格型号,计量单位,净用量,备注
P-6206,6206深沟球轴承,M-001,GCr15钢材,φ30mm,kg,0.40,内圈+外圈用料
P-6206,6206深沟球轴承,M-002,钢球,φ9.525mm,个,9,滚动体
P-6206,6206深沟球轴承,M-003,润滑脂,锂基脂,g,5,润滑
P-6206,6206深沟球轴承,M-004,防锈纸,-,g,10,防锈包装
P-6206,6206深沟球轴承,M-005,塑料袋,PE袋,个,1,外包装
P-6206,6206深沟球轴承,M-006,低碳钢板,Q235,kg,0.016,保持架
P-6206,6206深沟球轴承,M-007,包装纸盒,-,个,1,外包装盒