产品编码,产品名称,部件,工序编码,工序名称,标准工时(分钟),备注
P-6206,6206深沟球轴承,内圈,P-001,锻造,0.5,锻造内圈毛坯
P-6206,6206深沟球轴承,内圈,P-002,车削,2.0,车削内圈外形
P-6206,6206深沟球轴承,内圈,P-003,热处理,4.0,淬火回火
P-6206,6206深沟球轴承,内圈,P-004,磨削,5.0,精密磨削
P-6206,6206深沟球轴承,外圈,P-001,锻造,0.5,锻造外圈毛坯
P-6206,6206深沟球轴承,外圈,P-002,车削,2.5,车削外圈外形
P-6206,6206深沟球轴承,外圈,P-003,热处理,4.0,淬火回火
P-6206,6206深沟球轴承,外圈,P-004,磨削,6.0,精密磨削
P-6206,6206深沟球轴承,保持架,P-002,车削,1.5,加工保持架
P-6206,6206深沟球轴承,装配,P-005,装配,2.0,组装轴承
P-6206,6206深沟球轴承,装配,P-006,检验,1.0,质量检验